"","cerf-id79.s1","cerf-id79.s2","cerf","cerf.s1","cerf.s2","cerf.s3","cerf(3).s1","cerf(3).s2","cerf(3).s3","cerfID79","bois de daim","daim_os_long_act7.s1","daim_os_long_act7.s2","daim_os_long_act7.s3","daim_os_long_act8.s1","daim_os_long_act8.s2","daim_os_long_act8.s3","daim","daim.s1","daim.s2","daim.s3","daim1","meagC73","meagC74","meagC75","meagC76","meagC77","meagC79","meagC80"
"Label","Cerf","Cerf","Cerf","Cerf","Cerf","Cerf","Cerf","Cerf","Cerf","Cerf","Daim","Daim","Daim","Daim","Daim","Daim","Daim","Daim","Daim","Daim","Daim","Daim","MGcerus","MGcerus","MGcerus","MGcerus","MGcerus","MGcerus","MGcerus"
"836.43764",NA,NA,"321833",NA,"941110","948097",NA,NA,NA,NA,NA,NA,NA,"323031","247823","253354","348401","216293",NA,NA,NA,NA,"571956","688373",NA,NA,"207911","614370",NA
"840.46894","382360","545042",NA,"300626","368826","388899",NA,NA,NA,NA,NA,NA,NA,NA,NA,NA,NA,NA,NA,"705914","689456","516265",NA,NA,NA,NA,NA,NA,NA
"868.42756",NA,"811520",NA,NA,NA,NA,NA,NA,NA,NA,NA,"251844","329777",NA,NA,"357945",NA,NA,"430263","534231","531687","430263",NA,NA,"277730",NA,NA,NA,NA
"868.46377",NA,NA,NA,"921173","844739",NA,NA,NA,NA,NA,NA,NA,NA,NA,NA,NA,NA,NA,NA,"919137",NA,NA,"455868","375781","394480","341248",NA,NA,NA
"892.49996",NA,NA,"374656",NA,NA,NA,"475299",NA,"494104",NA,"272871",NA,NA,"216207",NA,NA,NA,NA,NA,NA,NA,NA,NA,"375760","456862","327741",NA,"262470","703040"
"898.47463",NA,NA,NA,NA,NA,NA,"1032622","753848",NA,NA,"505611","647506",NA,"528399","552318","419545","449160",NA,NA,NA,NA,NA,NA,"600464",NA,NA,"283687",NA,NA
"898.51111","1434132","2055655","826469","2235119","2103078","1975960",NA,NA,"634230","279250",NA,"479282","585578",NA,"550577","526719","539131","735761",NA,"2096956","1601762",NA,"370135","318973","290346",NA,NA,"260897",NA
"899.49434",NA,NA,NA,NA,NA,NA,NA,NA,NA,NA,NA,NA,NA,NA,NA,NA,NA,NA,NA,NA,NA,NA,"342262","477497","314201","528935",NA,NA,"1711013"
"1010.50159",NA,NA,NA,NA,NA,NA,"339069","421435","347320","203590",NA,NA,NA,"224956","418318","297310",NA,NA,NA,NA,NA,NA,NA,NA,"409068","355271","202738","252950",NA
"1024.51673",NA,NA,NA,NA,NA,NA,NA,NA,NA,NA,NA,NA,"222851","178940",NA,"263262",NA,NA,NA,NA,NA,NA,"241707","224621","196999","186219",NA,NA,NA
"1088.59631",NA,NA,NA,NA,NA,NA,"355906",NA,"271008",NA,NA,NA,NA,NA,NA,NA,NA,NA,NA,NA,NA,NA,"334357","308314","356857","259100",NA,NA,NA
"1095.56607","5686493","6854293","872883","5626237","4995562","5560073",NA,NA,NA,"235790",NA,"243548","231702",NA,"326996","396211","294229","719673","5757449","6204333","5457547","5757449","1273926","1541847","779665","796307","243454","1084865",NA
"1096.53846",NA,NA,NA,"287431",NA,"250830",NA,"656064","660955","314704",NA,NA,"810795","572356","1005675","1280109","1002602",NA,NA,"201347",NA,NA,NA,"859286",NA,"536565","457066","503875","279022"
"1105.57526","16903330","19516662","6156549","2463898","2592015","2385210","4690927","4295647","3528421","2045773","1895602","1742302","1864295","1724266","3131928","3495502","2833964","3848539","14297622","14879984","13399217","14297622","5236776","4077210","3780683","4036497","2187979","6455555","11772490"
"1105.62269",NA,NA,NA,NA,NA,NA,"886622","737120","814945",NA,"310893","465398","436273","286329",NA,NA,NA,NA,NA,NA,NA,NA,"1007275","809026","1091235","860220",NA,NA,NA
"1106.55885",NA,NA,NA,NA,NA,NA,NA,NA,NA,NA,NA,NA,NA,NA,NA,NA,NA,NA,NA,NA,NA,NA,"2829916","2297504","2075544","3041523","1424028","3960827","11011011"
"1116.49184","487724","600537",NA,NA,"971957","821459",NA,NA,NA,NA,NA,NA,"140587",NA,NA,NA,NA,NA,NA,"624751","458727",NA,"273680",NA,"218712","221512",NA,"305848",NA
"1121.57055","316554",NA,"202155","400211","295215","356466",NA,NA,"190725",NA,NA,NA,"191597",NA,NA,"189942",NA,NA,NA,NA,NA,NA,NA,NA,NA,NA,NA,NA,"323153"
"1121.61756",NA,NA,"281455",NA,NA,NA,"413585","434338","318388","193641",NA,"237299",NA,NA,"306349","379372","306276",NA,NA,NA,NA,NA,"487592","488867","542215","659892","286366","493292",NA
"1136.60617",NA,NA,"330189",NA,NA,NA,"355388",NA,"383174",NA,NA,NA,NA,NA,NA,"196235",NA,NA,NA,NA,NA,NA,"345874",NA,"356380","502155",NA,"211752",NA
"1153.56019",NA,"200691",NA,NA,"219692",NA,"827947","690347","576727","298605","310538","418615",NA,NA,"748882","761319",NA,NA,NA,"182888",NA,"136205","697113","615877","749597","458790","186233","408195",NA
"1162.62192","491199",NA,NA,"537863","461437","525470","767143","657867","574081","432768","566259","481814","496670","401555","525606","663723","584678",NA,"1246630","1215161","1258859","1246630","873799","942756","883748","755012","421747","772434","707365"
"1163.59199","491291","697426","1425077","1026560","756233",NA,"1058383","868182","852120",NA,"823187","1032620","1079683","783028","1029076","1219398","956165",NA,"624226",NA,"551153","624226","1392948","1121987","1179216","944830","528862","1423749",NA
"1164.60056",NA,NA,"333863",NA,NA,NA,"434498",NA,"377009","217362",NA,NA,NA,NA,NA,NA,NA,NA,NA,NA,NA,NA,"531335","500300","416092","415239","281457",NA,NA
"1165.52345",NA,NA,"399160",NA,NA,NA,NA,"372999","411514",NA,NA,NA,NA,NA,NA,NA,"424340",NA,NA,NA,NA,NA,"397634","498927","338084","416470",NA,NA,NA
"1167.53887",NA,NA,"275518",NA,NA,NA,"235671",NA,NA,NA,NA,NA,NA,NA,NA,NA,NA,NA,NA,NA,NA,NA,"414855","273097","466158","363770",NA,NA,NA
"1167.57568",NA,NA,"395774",NA,NA,NA,"1266487","1003898","1050782","302351","539977",NA,"1295297",NA,NA,"1300181","1119745",NA,NA,NA,NA,NA,"609910","817506","982345","803891",NA,"317666",NA
"1177.56778","3066749","3409021",NA,"2397828","2527147","2120404",NA,NA,NA,NA,NA,NA,NA,NA,NA,NA,NA,"702117","1988517","1889055","1711697","1988517",NA,NA,NA,NA,NA,NA,"1434812"
"1180.64357","2483340","3498164",NA,NA,NA,NA,NA,NA,NA,"271141",NA,"445556","465591","337757",NA,"440115","279750","587629","7603426","8955790","7823269","7603426",NA,"664970","538821","427189",NA,NA,"1495397"
"1182.61177","439410","490899","544026","1215501","1144589","1127698","384934","246670","258483",NA,"682479","434350","380264","409995",NA,"428050","258928","1196935","470640",NA,"415134","470640","823095","670204",NA,"941080","339480","933199","5359675"
"1183.57061",NA,NA,"696437",NA,NA,NA,"1581842","1434387","1447407","416941",NA,"750554","904525","588590","558047","500927",NA,NA,NA,NA,NA,NA,"944160","1293149","1466630",NA,"592664",NA,NA
"1192.68069",NA,NA,"917147","2771717","2633139","2747263",NA,NA,"347581",NA,NA,NA,NA,NA,NA,NA,NA,NA,NA,NA,NA,NA,NA,NA,NA,NA,NA,NA,NA
"1193.62741",NA,NA,NA,NA,NA,NA,"246813","184420",NA,"154210","190549","258093","308673",NA,"290805","267668","231111",NA,NA,NA,NA,NA,"249160",NA,"443379","286417",NA,"233457",NA
"1196.56596",NA,NA,"335771",NA,NA,NA,"253786","270136","252294","298757",NA,NA,"344292",NA,NA,"455676","417548",NA,NA,NA,NA,NA,NA,NA,NA,NA,NA,NA,NA
"1196.63912","7511609","8490966",NA,NA,NA,NA,NA,NA,NA,"708659","255537","376029","498155","278074","944731","930539",NA,"600465","6351260","6849587","5589631","6351260","879448",NA,NA,NA,NA,NA,"998801"
"1201.58556","1770255","2050901",NA,"2094084","2199902","1796914",NA,NA,NA,NA,NA,NA,NA,NA,NA,NA,NA,"399219","1028821","1255607",NA,"1028821",NA,NA,NA,NA,NA,NA,"1697082"
"1203.62298",NA,NA,NA,NA,NA,NA,"365822","281242",NA,NA,NA,NA,NA,NA,NA,NA,NA,NA,NA,NA,NA,NA,"388727","361364","378911",NA,NA,"281279",NA
"1207.60625",NA,NA,"183162",NA,NA,"131249",NA,"238822",NA,NA,NA,NA,NA,NA,NA,NA,NA,NA,NA,NA,NA,NA,"439820","385739","384683",NA,"210821",NA,"361147"
"1208.6753",NA,NA,"3108404","15549058","14348549","14460241","2030453","1797333","1505570",NA,NA,NA,NA,NA,NA,NA,NA,NA,NA,NA,NA,NA,NA,NA,NA,NA,NA,NA,NA
"1216.67976",NA,NA,NA,NA,NA,NA,NA,NA,NA,NA,NA,NA,"409876","343807",NA,"169259",NA,NA,NA,NA,NA,NA,"344135",NA,"483049","261676",NA,"299020",NA
"1220.64929",NA,NA,NA,NA,NA,NA,NA,NA,NA,NA,NA,NA,NA,NA,NA,NA,NA,NA,NA,NA,NA,NA,"275171","218927","215478","259227",NA,"143174",NA
"1223.60743","419169",NA,"278857","318023",NA,NA,NA,"264951",NA,NA,NA,NA,NA,NA,NA,NA,NA,NA,NA,"835627","776529",NA,"353894",NA,NA,NA,"196177","125559","321846"
"1226.57685",NA,NA,"441423",NA,NA,NA,NA,NA,"280093","352870","182368",NA,"241043",NA,"487624","414840","394738",NA,NA,NA,"220509",NA,NA,NA,NA,NA,NA,NA,NA
"1240.67685","7447351","8483050",NA,"2346368","2117160","2206953",NA,NA,NA,"362785",NA,NA,NA,NA,NA,NA,NA,NA,NA,"629580",NA,NA,NA,NA,NA,NA,NA,NA,NA
"1241.65997",NA,NA,NA,"2038941","1732789","1787463","1135364","1096267","945397",NA,NA,NA,NA,NA,"195813","253970",NA,NA,NA,NA,NA,NA,"2995078","2590318","2361357","3386082","1323734","3616040","3268702"
"1250.57573",NA,NA,NA,NA,NA,NA,NA,"185066",NA,NA,NA,NA,NA,NA,NA,NA,NA,NA,NA,NA,NA,NA,NA,"215676","234458","150117",NA,NA,"433018"
"1254.53548",NA,"176342","234892","202394","215389",NA,NA,NA,NA,NA,"169385",NA,NA,NA,NA,NA,NA,NA,"214458","156496","207172","214458","484549","307419","244481","337330",NA,"515764",NA
"1261.6292",NA,NA,"397286","547542","459536","586198","424226","322027",NA,NA,"349795",NA,NA,NA,NA,"300707",NA,"710303",NA,"447835","407406",NA,NA,NA,NA,NA,NA,NA,"1394179"
"1264.62813",NA,NA,NA,NA,NA,NA,NA,NA,NA,NA,"179936",NA,NA,NA,NA,NA,"166544",NA,NA,NA,NA,NA,NA,"498425","604918","623197","340537","571432","454484"
"1267.67561","4025131","4917049","858128","5982674","5474665","5449937","865189","611059","563005","177155",NA,"366196","404719","493787","598408","668120","435072","965920","3719027","3974567","3378661","3719027","1709406","1355298","1275917","1521074","686157","2124321","7065733"
"1273.70169",NA,"208046","295313",NA,NA,NA,"335916",NA,"301627",NA,"275171","498959","569901","289446","377446","398829","308122",NA,"197934",NA,NA,"197934",NA,"382731","458014","288071",NA,"406704","237639"
"1280.6228",NA,"187856",NA,NA,NA,NA,NA,NA,NA,NA,NA,NA,NA,NA,NA,NA,NA,NA,NA,NA,NA,NA,NA,"484478","666288","614290",NA,NA,"484721"
"1281.61983",NA,NA,"776609","3256361","2720537","2772867","476955","485645",NA,NA,NA,NA,NA,NA,NA,NA,NA,NA,NA,NA,NA,NA,NA,NA,NA,NA,NA,NA,NA
"1296.58108",NA,NA,NA,NA,NA,"153330",NA,NA,NA,NA,NA,NA,NA,NA,NA,NA,NA,NA,NA,NA,NA,NA,"227823","149984",NA,NA,NA,"310604","262723"
"1311.62982",NA,"1090849",NA,NA,NA,NA,NA,NA,NA,NA,"293046","189660",NA,NA,NA,NA,NA,"1661919","718026",NA,"630245","718026",NA,NA,NA,NA,NA,NA,"3130625"
"1323.66527",NA,NA,NA,NA,NA,NA,NA,"494346","496419",NA,NA,"318271",NA,"368087",NA,"261922",NA,NA,NA,NA,NA,NA,"368625","316933",NA,NA,"260292","308660",NA
"1332.65578","2862539","3488710",NA,"3388669","3311068","3470948",NA,NA,NA,NA,NA,NA,NA,NA,NA,NA,NA,"558354","1772520",NA,NA,"1772520",NA,NA,NA,NA,NA,NA,NA
"1343.67105",NA,NA,NA,"442697","373520",NA,"467418","467515","409386","298264","531070",NA,"594046","495130",NA,"790038",NA,NA,NA,NA,NA,NA,"749869","795469",NA,NA,"212111",NA,"522979"
"1346.71807",NA,NA,"212352",NA,NA,NA,"215733",NA,NA,NA,"343975",NA,NA,"472115","413272",NA,"243567",NA,NA,NA,NA,NA,"383803","471383",NA,"357655","191499",NA,NA
"1374.74924",NA,NA,NA,"202032",NA,NA,NA,"196156","151892",NA,NA,NA,"277817",NA,NA,"227522",NA,NA,NA,"225659",NA,"164245",NA,"217914","364475","176979",NA,"287500","556663"
"1392.68666",NA,NA,"355320",NA,"229108",NA,"250337","302074","197894",NA,NA,NA,NA,NA,NA,NA,NA,NA,NA,NA,NA,NA,NA,"290206",NA,NA,NA,"448893",NA
"1409.71697",NA,NA,NA,NA,"233675",NA,"234598","187775","257817",NA,NA,NA,"149492",NA,NA,NA,NA,NA,NA,NA,NA,"150156",NA,"456552","261895","464920","227175","319306","1437286"
"1416.6866",NA,NA,"441938","207004",NA,"148382",NA,NA,NA,NA,NA,NA,NA,NA,NA,NA,NA,NA,NA,NA,NA,NA,"876444","736340","794670","1025299","464043",NA,NA
"1417.72921",NA,"358799","590955","415455","405196","425818",NA,"528696","450481",NA,NA,NA,NA,NA,NA,NA,"442147",NA,NA,NA,NA,NA,"816718","491420","414625",NA,"269738","1247166","539294"
"1420.68186",NA,NA,"409224",NA,NA,NA,NA,"500250",NA,NA,"205868","307990",NA,NA,"563947","566008","574234",NA,NA,NA,NA,"173639","649096","537224","602046","394464","301549","541106",NA
"1427.72841","22808668","25439986","10787486","46202976","42987496","43214820","9559089","8221628","6882331","2959150","3812376","3788403","4184350","3463368","6400440","6790685","5323906","5019482","20846392","21282258","19198232","20846392","19099444","13764464","10681552","15886003","8194553","27789396","82669792"
"1432.68123",NA,NA,NA,NA,NA,NA,NA,NA,NA,NA,NA,NA,NA,NA,NA,NA,NA,NA,NA,NA,NA,NA,"982766","667834","866750","892075","348898","1006405",NA
"1435.68241","18153018","19193988","4532038","29355542","25276428","25389728","3433351","3188713","2359237",NA,NA,NA,NA,NA,NA,"2570419","1774443","3723425","19318550","20582072","16383076","19318550","6184382","4088781","3496009","4345614","2071915","9801706","31004450"
"1439.72371",NA,NA,NA,NA,NA,NA,NA,NA,NA,NA,NA,NA,NA,NA,NA,NA,NA,NA,NA,NA,NA,NA,"290429","263764","241433",NA,"120896","724473",NA
"1443.72332",NA,NA,NA,"1454954","1363998","1332680","343447",NA,"272114",NA,NA,NA,NA,NA,NA,NA,NA,NA,"464473","498327",NA,"464473","297788","270276",NA,"243499",NA,"566960","1849968"
"1443.7949",NA,NA,NA,NA,NA,NA,"280708",NA,NA,NA,NA,NA,"179297",NA,NA,NA,NA,NA,NA,NA,NA,NA,"411859",NA,"242124","323890","131699","152595",NA
"1447.75446",NA,NA,NA,NA,NA,"207444","215918",NA,NA,NA,NA,NA,NA,NA,NA,NA,NA,NA,NA,NA,NA,"573529","436351","411516","432306",NA,NA,"436384","347263"
"1459.69371","19338282","21314464","3126752","23861560","22301490","22092858","2299882","2176812","1587622","762554","673589","717606",NA,NA,NA,NA,"1691731","3008883","16103260","17902276","15095864","16103260","4524678","2705310","2484408","2931009","1637723","7035066","24200068"
"1473.67325","5203396",NA,NA,"8987114","8349453","8069585","1250945","1162253","793376","264711","355430","366363","470124",NA,NA,"1068919","767440","1442347","5748695","5978028","5167540","5748695","2029102","1271531","1127625","1160007","621604",NA,"7900443"
"1483.71366",NA,NA,"215977",NA,NA,NA,"485250","476144",NA,NA,NA,NA,NA,NA,"189472",NA,NA,NA,NA,NA,NA,NA,NA,"328786","529758","418108",NA,"452366",NA
"1496.75334",NA,"182135","408932",NA,"503761","650772","502092",NA,"306508",NA,NA,NA,NA,NA,NA,NA,NA,NA,NA,NA,NA,"135765",NA,NA,NA,NA,NA,NA,NA
"1532.78329","1669429",NA,"908014","3366031","2990577","3012158",NA,NA,NA,NA,"547156","447462",NA,NA,NA,NA,NA,"1038621","6162974","7329315","6076541","6162974","853665","621884","538566","428506","184019","908787","2894261"
"1550.75707","3911893","4844321",NA,NA,NA,NA,NA,NA,NA,"316940","507458",NA,"453517",NA,"699360",NA,NA,"1807731","4365234","5310616","4336813","4365234","2088498","1446057","1290823",NA,"567385","2958455","11063493"
"1561.79828","7059223","8346592","6065720","19588010","17027986","18138338","7106985",NA,"5107263",NA,NA,NA,"1827256","1293713","3381339","3708256","2846118",NA,NA,"3509752",NA,"3047041","3738774",NA,"1792724","1613550","1151579","4550265","8081910"
"1562.78258","3744273","4835375","6165197","12285004","11038967","11746608","3453137","3283280","2580206","663497",NA,NA,NA,"657898","1578150","1789898",NA,"1288829","4258353","5006959","4049869","4258353","4836292","2595989","2525501","3089452","1621182","5834060","18704004"
"1562.83005","4237752","5374407","1931566","7988425","7221370","7446457","1799724","1594318","1311076","569376",NA,NA,NA,NA,"694712",NA,NA,"1023183","3429770","3773739","3547786","3429770","2191297","1810667",NA,NA,"1097277","4113380","9658367"
"1580.76899",NA,NA,"1668987","6818075","6009916","6107360","1190456","1086425",NA,NA,NA,NA,NA,NA,NA,NA,NA,NA,NA,NA,NA,NA,NA,NA,NA,NA,NA,NA,NA
"1585.77304","5424721","7197123",NA,"6095673","5826097","5395164","1522727","1412278",NA,NA,NA,NA,NA,NA,"991212","1030726","702011","961940","2059787","2390121","1992839","2059787","675914",NA,NA,NA,NA,NA,NA
"1586.75691","8534804","10309014","3064891","13675700","13162397","12693349","2545915","2392135",NA,NA,"514755",NA,"755180","423997","1427159","1264621",NA,"1696239","7548405","8880888","6789745","7548405","5069516","3773016",NA,"4647680","1750869","7404751","25945392"
"1589.7774",NA,NA,NA,NA,NA,NA,"458436",NA,"379429",NA,NA,NA,NA,NA,NA,NA,NA,NA,NA,NA,NA,NA,NA,NA,"446511","597441","276026","1108680",NA
"1600.80749",NA,NA,NA,NA,NA,NA,NA,NA,NA,NA,NA,NA,NA,NA,NA,NA,NA,NA,NA,NA,NA,NA,"231556","255154",NA,NA,NA,"313913","1512999"
"1604.81437","221174","349314","441501","380660",NA,NA,"619712",NA,NA,"327249","284757","471766","662000","439505","687582","640004",NA,NA,NA,NA,"272095",NA,NA,NA,NA,NA,NA,NA,NA
"1608.73872",NA,NA,NA,NA,NA,NA,"290916",NA,"233021",NA,NA,NA,NA,NA,NA,"308099",NA,NA,NA,NA,NA,NA,"318537",NA,"370507",NA,"189682",NA,"270243"
"1615.82095","3589126","5190339","3547696","8803171","8192957","8292936",NA,"1260389",NA,NA,"1163141","791321",NA,"651106","1405879",NA,"1114719","1027213","3508107","4119898","3747121","3508107",NA,"1642824",NA,NA,NA,"2838956","3266392"
"1616.80374",NA,NA,"436147",NA,NA,NA,"615890",NA,NA,NA,NA,NA,NA,NA,NA,NA,NA,NA,NA,NA,NA,NA,"2716289","2335503","1978722","3218525","1408600","4478916","10533828"
"1644.72209","511623","782212",NA,"1364832","1284119","1144243",NA,NA,NA,NA,NA,NA,NA,NA,NA,NA,NA,NA,"249472",NA,NA,"249472",NA,NA,NA,NA,NA,NA,NA
"1648.77948","1160470","1346240","1293857","3676817","3447794","3459950",NA,NA,NA,NA,NA,NA,NA,NA,NA,NA,NA,NA,"3430279","3725899","3653645","3430279",NA,"260140",NA,NA,NA,NA,NA
"1648.82924","2708122","3151707","1407036","3380229","3248741","3048469","706862","615397","518314","388234","1119014",NA,NA,"569243","1216323","1161640","944489","1871984","8102642","9041196","7931601","8102642","1965429","1430296","1279312","1336250","702640","2375303","6653530"
"1655.80115","5266983","6368290","864225","4441481","4027906",NA,NA,NA,"669579","487908","551457",NA,NA,NA,NA,"369450",NA,NA,"2008465",NA,"1874904","2008465",NA,"1509337","757755",NA,"282351","1476405","3251871"
"1678.86193",NA,NA,NA,NA,NA,NA,NA,NA,NA,NA,NA,NA,NA,NA,NA,NA,NA,NA,NA,NA,NA,NA,"278379",NA,"149346","180305",NA,"346158","478887"
"1683.80952","473974","858784",NA,NA,"392388","386147",NA,NA,NA,NA,"227065",NA,NA,NA,NA,"405787",NA,NA,NA,"1062709","1113069",NA,"524916","403234","504273","580464","276982",NA,NA
"1688.88235","233975",NA,NA,NA,NA,NA,NA,NA,"179245",NA,NA,"521399","588363",NA,"478428","333693","362951",NA,NA,"232084",NA,NA,NA,"577768","636121","472172","234950","482770",NA
"1690.7793","624662","808180",NA,"1402180","1234641","1239135",NA,NA,NA,NA,"353344",NA,NA,NA,NA,NA,"319374","684986","1166685","1274044","1107852","1166685",NA,NA,NA,NA,NA,NA,"1830907"
"1698.82092","328239",NA,"580636","783279",NA,NA,NA,NA,NA,NA,NA,NA,"317205",NA,"738378","879409","651538","203871","502025","567057","475373","502025","618865","457018","415528","395762","321408","903312",NA
"1706.77382","2297771","2476241","1373358","4381227","4570393","4229465","629946","623540",NA,NA,"495431","416583",NA,"444128",NA,"1083443","761659","1789903","2615475","2739470","2414629","2615475",NA,"600930","408912",NA,"332230","1164327","4597705"
"1716.91522","490282","595009","814492","552505","497660","433011","561734","524972","523437",NA,"628003","788322","903825","601173","690952","691902","535313",NA,"728434","768740","790846","728434","1218870","939378",NA,"753539","434950","1209155","1266062"
"1717.82987",NA,NA,NA,NA,NA,NA,NA,NA,NA,NA,NA,NA,NA,NA,NA,NA,NA,NA,NA,NA,NA,NA,"670364","482942",NA,"657942","356187",NA,NA
"1726.86637","1212048",NA,"1179393","1926989","1760366","1755302",NA,NA,NA,"361531","443972",NA,NA,NA,NA,NA,NA,"727896","4768161","4873205","4712349","4768161",NA,NA,NA,"595154","253547","1181562","1638001"
"1735.80057",NA,NA,NA,NA,NA,"277802",NA,NA,NA,NA,NA,NA,NA,NA,NA,NA,NA,NA,"348950","451768","382079","348950",NA,"430098",NA,"346172",NA,"719496","1282803"
"1758.73562","2924300","2888533",NA,"2171460","2185605","1953165",NA,NA,NA,NA,NA,NA,NA,NA,NA,NA,NA,NA,"1055664",NA,NA,"1055664",NA,NA,NA,NA,NA,NA,NA
"1759.71964","2643888","3095350","495784","2363611","2425356",NA,NA,NA,NA,NA,NA,NA,NA,NA,NA,NA,NA,"398256","3677506","4046453","3252808","3677506","515022",NA,NA,"362694",NA,NA,"1627942"
"1760.70132",NA,NA,NA,NA,NA,NA,NA,NA,NA,NA,NA,NA,NA,NA,NA,NA,NA,NA,NA,NA,NA,NA,"200633","181697",NA,NA,NA,"399583","1526115"
"1765.86082",NA,NA,NA,NA,NA,NA,NA,NA,NA,NA,NA,NA,NA,NA,NA,NA,NA,NA,NA,NA,NA,NA,NA,"474192","429064","552866",NA,"472626",NA
"1769.8939","1056069","1251445",NA,NA,NA,NA,"308175","222744",NA,"198720",NA,NA,NA,NA,NA,NA,NA,NA,NA,NA,NA,NA,"330473","441889","343370",NA,NA,"480382",NA
"1783.80328",NA,NA,"1069069","1430822","1235551","1215951","1463808","1310976","1001200",NA,NA,NA,NA,NA,NA,NA,NA,NA,NA,NA,NA,NA,"521452",NA,NA,NA,NA,NA,NA
"1787.904",NA,"454121","968186","456337","498223","497169","341878","287060","327663","404744","328323",NA,NA,NA,NA,"531143",NA,NA,"431036",NA,NA,"431036","1077762","693222","789474","792417","411587","1137969","739025"
"1798.81683","1746117","2288464",NA,"2706812","2306666","2392383",NA,NA,NA,NA,NA,NA,NA,NA,NA,NA,NA,NA,NA,NA,NA,NA,NA,NA,NA,NA,NA,NA,NA
"1799.79999","2463744","2915293","1383861","4967067","4219612","4376377",NA,NA,NA,NA,NA,NA,NA,NA,NA,"278299","237275",NA,"4688916","5128128","4494291","4688916","2350114",NA,"1152883","1628252","716935","3184415","7435829"
"1804.93079","13230864","14164458","12677770","19883668","17283870","18072240","3974544","3797012","3225537","3356731","3144752","2062257","2449813","1783088","6594257","6806159","5398255","2492648","9422301","9934591","9456773","9422301","17206130","11066671","10423949","12874320","6474475","24553956","16246931"
"1812.88856","1796589","1953614",NA,"2183601","2073922","1998816",NA,NA,NA,NA,NA,NA,NA,NA,NA,NA,NA,"644077","1090001","1212433",NA,"1090001",NA,NA,NA,NA,NA,NA,NA
"1815.79315","408149","357452",NA,NA,NA,NA,NA,NA,NA,NA,NA,"412359","504448","246162","818676","915636","686226",NA,NA,NA,NA,NA,NA,NA,NA,NA,NA,NA,NA
"1816.86545","357767",NA,"2181706","2908566","2451803","2713721","3629727","3055626","2699759",NA,"571263",NA,"223350",NA,NA,NA,NA,NA,"1503718","1311176","1484267","1503718","2353004","1454811","1556315","839792","827303","2451082","1417859"
"1822.73888",NA,NA,NA,NA,NA,NA,NA,NA,NA,NA,NA,"400057","476474","314392","453553","501999","353673",NA,NA,NA,NA,NA,NA,NA,NA,NA,NA,NA,NA
"1826.91244",NA,NA,"1046468",NA,NA,"608912",NA,NA,NA,NA,NA,NA,NA,NA,"317681",NA,NA,NA,NA,NA,NA,NA,"672189",NA,"468304",NA,"166410","348489",NA
"1832.86038","2193053","2384970","3651562","9572612","8667424","8910353","3283429","3137514","2404774","336314",NA,NA,"1079232","740992","1717736","1596160","1260482","2704853","10263868","10530280","10516993","10263868","4752948","3015991","2551102","2864524","1445331","6914471","19253832"
"1838.97546",NA,NA,NA,NA,NA,NA,"478012","447053","442522",NA,"233744","462551","441339","374327","336784","301188","236797",NA,NA,NA,NA,NA,NA,NA,NA,NA,NA,NA,NA
"1848.85599","3368616","3366557","1832433","7211090","6209896","6786395","333540",NA,NA,"402496",NA,"1500567","1827037",NA,"3965642","3715845","3242275","1680746","8909019","8911114","8575225","8909019","2661834","1591184",NA,"1890235","829952","4253703","21153984"
"1860.93086",NA,NA,NA,NA,NA,NA,NA,NA,NA,NA,NA,"333517","360590","271635",NA,"242134",NA,NA,NA,NA,NA,NA,"541943","476852","427899","465912","143231","578850",NA
"1863.87386","3085284","3053246",NA,"3433193","3363788","2995474",NA,NA,NA,NA,NA,NA,NA,NA,NA,NA,NA,"514575","1160540","1437331","1152092","1160540",NA,NA,NA,NA,NA,NA,"1685582"
"1875.8944",NA,"580722",NA,NA,NA,NA,NA,NA,NA,NA,NA,NA,NA,NA,NA,NA,NA,NA,NA,NA,NA,NA,NA,"268203","334775","305345",NA,"477771",NA
"1892.92157","10974827","11141541",NA,"168878",NA,NA,"301580",NA,NA,"1320539",NA,"408998","505612","393786","2472557","2407578","1956480",NA,"6808982","7053267","6455683","6808982","4507972","3271686","2931205","3368626","1519716","7489798","4807275"
"1899.99224",NA,NA,"321088",NA,NA,NA,"410815","390725","521834",NA,NA,NA,NA,NA,NA,"167325",NA,NA,NA,NA,NA,NA,"581122","475770","560542",NA,NA,"482194","397975"
"1922.93473",NA,NA,"5051926","16677933","13712035","13875622","2381914","2177499","1847195",NA,NA,NA,NA,NA,NA,NA,NA,NA,NA,NA,NA,NA,NA,NA,NA,NA,NA,NA,NA
"1927.05062",NA,NA,NA,NA,NA,NA,NA,NA,NA,NA,NA,NA,NA,NA,NA,NA,NA,NA,NA,NA,NA,NA,"225345",NA,"239938",NA,NA,"190953","217298"
"1931.96701",NA,NA,"326484","350881","236399",NA,NA,NA,NA,NA,NA,NA,NA,NA,NA,NA,NA,NA,"170951",NA,NA,"170951","285592","248425","279380","216982",NA,"464818",NA
"1933.97248","463816",NA,"778223",NA,"450645",NA,NA,"402506","417442",NA,"245952",NA,NA,NA,"390604",NA,"320739",NA,"395461","474545","371905","395461","1086251",NA,"829670","938346","424071","1771900","1378588"
"1958.96952",NA,NA,"2896212","2069932","1696323","1803512","1740678","1583319","1540562",NA,"501322",NA,"514675","374218",NA,"1160228",NA,NA,NA,NA,NA,NA,"3026018","2035866",NA,"2302372","1273069","4442402",NA
"1975.99498","70563848","68152536","37635284","88977632","74615824","80307560","14787739","13983681","12278331","9087504","4195503","3411931","3804551","2787536","14187878","14511054","11623460","6064499","58298788","56560120","53451996","58298788","50355828","26293860","22126360","29178186","15537551","99486576","66737264"
"1991.9935","1525048","1634266",NA,"2330019","2020815","2149201",NA,NA,NA,NA,NA,NA,NA,NA,NA,NA,NA,NA,NA,NA,NA,NA,NA,"221910",NA,"213946",NA,NA,NA
"1997.00888","1931776","2373600","3371509","1910330","1748585",NA,NA,NA,"805856","1168275",NA,NA,NA,NA,NA,NA,NA,NA,NA,NA,NA,NA,NA,NA,NA,NA,NA,NA,NA
"1997.99034",NA,NA,NA,NA,"1879956",NA,"3430607","2945456",NA,NA,NA,NA,NA,NA,NA,"262095","294329",NA,"677735",NA,NA,"677735","10510779","6566082","6364940","6214710","3374475","12709315",NA
"2005.96745",NA,NA,NA,NA,NA,NA,NA,NA,NA,NA,NA,NA,NA,NA,NA,NA,NA,NA,NA,NA,NA,NA,"509046","385314",NA,"433284",NA,"926257","1691686"
"2009.98798",NA,NA,NA,NA,NA,NA,NA,NA,NA,NA,NA,NA,NA,NA,NA,NA,NA,NA,NA,NA,NA,NA,"274742","674841","574369","313543",NA,"489352",NA
"2014.07168",NA,NA,"856132",NA,NA,"376142","813874","673472","715788","336266",NA,"246740","232403",NA,NA,NA,"234950",NA,NA,NA,NA,NA,"1498439","1068050","1053772","1253894","732578","1687449","2052922"
"2014.95868","521418","529371","891155",NA,NA,"822984","254374",NA,NA,NA,NA,NA,NA,NA,NA,NA,NA,NA,NA,NA,NA,NA,NA,NA,NA,NA,NA,"649878",NA
"2015.94222","499153",NA,NA,NA,NA,NA,NA,NA,NA,NA,NA,NA,NA,NA,NA,NA,NA,NA,"1595330","1648954","1518080","1595330","621399",NA,NA,"422133",NA,"1322150","3891444"
"2019.97473","2177189","2324001","794850","5991336","5108369","5375462",NA,"249524",NA,NA,NA,NA,NA,NA,NA,NA,NA,NA,"1772770","1692441","1528167","1772770",NA,"369885",NA,NA,NA,"733344","3198375"
"2029.98076",NA,NA,NA,NA,NA,NA,NA,NA,NA,NA,NA,NA,NA,NA,NA,NA,NA,NA,NA,NA,NA,NA,"681180",NA,"267258","308582","278704","1039050","4427204"
"2030.06772",NA,NA,"500498",NA,NA,NA,NA,NA,NA,NA,NA,NA,NA,NA,"199866","286214",NA,NA,NA,NA,NA,NA,"777184","349669","415417","720398","305701","1035069","812755"
"2038.08349",NA,"904906",NA,"1415619",NA,"1350789","1393880",NA,NA,NA,NA,NA,NA,NA,NA,NA,NA,NA,NA,NA,NA,NA,"1988366","1354520","1076044",NA,NA,"1396209","1697504"
"2039.06858","458928",NA,"2352004",NA,NA,"923722","1913786",NA,"1920215","873702","695041","542590",NA,NA,"632615","729888","606092",NA,NA,NA,NA,"263394","3202944","2170860","2581291","2707855","1579136","3163983","2398303"
"2039.955","1515214","2138059","2652381","2827746","2385052","2476944",NA,NA,"670011","673185",NA,NA,"359043",NA,"974531","973245","755759","332582",NA,"942646",NA,NA,"1363805","694934","792901",NA,NA,"2181273",NA
"2056.09295","15683575","15926321","27241234","32525876","29777340","30447792","21281282","19701106","17568924","8010716","5262595","4796875","4918117","4104680","8015751","8565247","6877153","1816328","7416905","8254543","7567103","7416905","59843072","35180324","30909056","44701328","31508594","69750048","54386012"
"2056.9792","58259852","58422468","30090068","110679528","93851736","96914104","5829012","5833394","4318543","5539962","2838203","1590672","1606969","1301455","8974491","10753579","7954679","6911941","26821180","27594248","24844614","26821180","12192414","5422322","5094355","5625660",NA,"25230156",NA
"2057.96201",NA,NA,NA,NA,NA,NA,"2541541","2622276","2131088",NA,NA,NA,NA,NA,NA,NA,NA,NA,NA,NA,NA,NA,"14334633",NA,NA,"9670738",NA,"37425796","92569352"
"2065.96768","2391836","2730579",NA,"1218097","1014733","1019828",NA,NA,NA,NA,NA,NA,NA,NA,NA,NA,NA,NA,"476136","500617","407009","476136",NA,NA,NA,NA,NA,NA,NA
"2072.09042","9548642","9123107","11805891","17762468","14362410","15512870","7457813","6441488","5640319","3019529","946739","1319832","1504592","1046725","6922238","7290569","5473543","594760","3298293","3311435","2857596","3298293","19554752","12639951","10994151","16340129","6736659","33288190","11667728"
"2073.01421","6836458","6612396","3982538","19674698","15437457","16807244","1276902",NA,"791814","470138","563189","507377","569009",NA,"947161","1086002","791929","3575161","7675047","8699901","7157060","7675047","1013961",NA,NA,NA,NA,"2066207",NA
"2073.99579",NA,NA,NA,NA,NA,NA,NA,NA,NA,NA,NA,NA,NA,NA,NA,NA,NA,NA,NA,NA,NA,NA,"1668047","969612",NA,"927268","539382","3552516","10364344"
"2074.98026",NA,NA,NA,NA,NA,NA,NA,NA,NA,NA,NA,NA,NA,NA,NA,NA,NA,NA,NA,NA,NA,NA,"680635",NA,"268139","524698",NA,"1597091",NA
"2078.07696",NA,NA,"1929882","934983","504397","791249",NA,NA,NA,NA,NA,NA,NA,NA,"230759",NA,NA,NA,NA,NA,NA,NA,"1752484","647111","1138840","713738","599394","762862","643063"
"2088.08533",NA,NA,"388596","549532",NA,"656189","271492","204075",NA,NA,NA,NA,NA,NA,NA,NA,NA,NA,NA,NA,NA,NA,NA,NA,NA,NA,NA,NA,"441164"
"2089.00771","16645536","16599479","4940899","35441468","31177140","30482490","1639550","1508780","988579","740049","459563","221822",NA,NA,"1301070","1284571",NA,"2838855","7439133","8049383","6896180","7439133",NA,NA,NA,NA,NA,NA,NA
"2094.03179","3713272","3764805",NA,"2023690","1544775",NA,NA,NA,NA,"371412",NA,NA,NA,NA,NA,NA,NA,NA,"944325","1038979","905491","944325",NA,NA,NA,NA,NA,NA,NA
"2094.06874",NA,NA,"521078",NA,NA,"434790",NA,NA,NA,NA,NA,NA,NA,NA,NA,NA,NA,NA,NA,NA,NA,NA,"529914",NA,"371215","342440","373733","373870",NA
"2095.0142",NA,NA,NA,NA,NA,NA,NA,NA,NA,NA,NA,NA,NA,NA,NA,NA,NA,NA,NA,NA,NA,NA,"418863","157651",NA,"259351",NA,"714099","666668"
"2105.00166","6461538","7084346","1235590","9952628","9397647","9004358","462650",NA,"355469","172041",NA,NA,NA,NA,NA,"526700","416284","656689","1875220","2012168","1782110","1875220",NA,NA,NA,NA,NA,NA,NA
"2105.98296",NA,NA,NA,NA,NA,NA,NA,NA,NA,NA,NA,NA,NA,NA,NA,NA,NA,NA,NA,NA,NA,NA,NA,NA,"290796","307182",NA,"1020951","4972147"
"2110.90101","1045270","1064094",NA,"591660","502921","694639",NA,NA,NA,NA,NA,NA,NA,NA,NA,NA,NA,NA,NA,"481164","619024",NA,NA,NA,NA,NA,NA,NA,NA
"2110.99048","288999",NA,"609830","1165838","1015010","1217610",NA,NA,NA,NA,NA,NA,NA,NA,NA,NA,NA,NA,NA,NA,NA,NA,NA,NA,NA,NA,NA,NA,NA
"2115.12151",NA,NA,NA,NA,NA,NA,NA,NA,NA,NA,NA,"288128","416065",NA,"1642601","2047121","1530158",NA,"563981","580050","514548","563981",NA,NA,NA,NA,NA,"650728","2560289"
"2118.0953",NA,NA,"470155","554997","449917",NA,NA,NA,NA,NA,NA,NA,NA,NA,NA,NA,NA,NA,NA,NA,NA,NA,"447172",NA,NA,"228284",NA,"529022","1245130"
"2131.11619","32639042","31566600","12771763","54903776","45329320","46090044","7754514","6934841","5219066","3321842","1532073","1653498","1998673","1370822","4432785","5195992","3650086","6368823","28378994","29049250","24972664","28378994","19138214","9024008","6946263","9404601","4977249","36596912","130596704"
"2146.94047",NA,NA,"360686","440729",NA,NA,"313872",NA,"208844",NA,NA,NA,"278898",NA,NA,"386443","324935",NA,NA,NA,NA,NA,"726311","580424","538844","562781",NA,"1064963",NA
"2147.10903","1020319","1090657",NA,"1433033","1395880","1376292",NA,NA,NA,NA,NA,NA,NA,NA,NA,NA,NA,NA,NA,NA,NA,"136189",NA,NA,NA,NA,NA,NA,"3091284"
"2150.96908","1772061","2073593",NA,"1787021","1575366","1593901",NA,NA,NA,NA,NA,NA,NA,NA,NA,NA,NA,NA,"1008900","1099070","708239","1008900",NA,NA,NA,NA,NA,NA,NA
"2151.03128","2056443","2174661","659231","2666361","2759426","2313819",NA,NA,NA,NA,"219385",NA,NA,NA,NA,NA,NA,"1659379","1322439","1646435","1182343","1322439","392350",NA,NA,NA,NA,"571596","14792945"
"2153.09528","283734",NA,"1557979","1589139","1574951","1548249",NA,NA,NA,NA,NA,NA,NA,NA,"232052",NA,NA,NA,"673353","821811","770921","673353","1230522","428139","626774","499693","312971","733633","1699607"
"2198.97367","1479123","1731953","2658795","16705216","15590098","14190618","2082870","1952894","1282244",NA,NA,NA,NA,NA,NA,NA,NA,"756193",NA,NA,NA,NA,NA,NA,NA,NA,NA,NA,NA
"2214.97039","34135828","37294176","2291147","36536208","35190776","29206508",NA,NA,NA,"450900","154683",NA,NA,NA,"299208","256601",NA,"2993615","15452279","17631374","14100581","15452279",NA,NA,NA,NA,NA,NA,NA
"2216.0592","44268984","52406600","15929999","133948824","117992368","113885424","4673652","4040413","3179073","2044448","1190283","561847","630311","474487","2484808","3367075","2061254","7361284","26348650","29806978","25468472","26348650","9415207","5047226","4953394","6028196","2792836","26457226","83047088"
"2230.96688","2815175","3056043",NA,"1502506","1286327","1224922",NA,NA,NA,NA,NA,"325345","427651","235945","1640243","2399591","1509127",NA,NA,NA,NA,NA,NA,NA,NA,NA,NA,NA,NA
"2232.05659","5348483","6241509","3014375","13467492","11681961","11217161","697116","672783","484216","331277","216155",NA,NA,NA,"861507","1099015","766633","1297217","4602586","5405035",NA,"4602586","2269865","641667","412689","801572","515955","3488733","16507251"
"2256.04984",NA,NA,NA,NA,"717026",NA,NA,NA,NA,NA,NA,NA,NA,NA,NA,NA,NA,NA,NA,NA,NA,NA,"3571785","2054177","1708147","2423620","1100500","6276778","8582947"
"2265.05348",NA,NA,NA,"627547","522411","512282",NA,"422960",NA,NA,NA,NA,NA,NA,NA,"243181",NA,NA,NA,NA,NA,NA,"891197","914410",NA,NA,NA,"1399508","942064"
"2272.0465",NA,NA,NA,"685109","709227","762472",NA,NA,NA,NA,NA,NA,NA,NA,NA,NA,NA,NA,NA,NA,NA,NA,"959145","482870",NA,"629088",NA,"1770175","3758456"
"2283.06646",NA,NA,NA,NA,NA,NA,NA,NA,NA,NA,NA,NA,NA,NA,"339735",NA,NA,"328126",NA,NA,NA,NA,"349284","247782","320316",NA,NA,"358300",NA
"2293.12606","6026479","6448077",NA,NA,NA,NA,NA,NA,NA,NA,NA,NA,NA,NA,"210733",NA,"216664","751125","3219327","3544167","3407930","3219327",NA,NA,NA,NA,NA,NA,NA
"2307.14014","7579078","8611615","585601","11288600","10148646","9916347",NA,NA,NA,NA,NA,NA,NA,NA,NA,NA,NA,"1449253","3852308","4291204","3973200","3852308",NA,NA,NA,NA,NA,"1468065",NA
"2316.05004","2734155","3268815",NA,"4304663","4092290","3769302",NA,NA,NA,NA,NA,NA,NA,NA,NA,NA,NA,"1454038","4092169","3932086","3514458","4092169",NA,NA,NA,NA,NA,NA,NA
"2323.1326","1343780","1346626",NA,"2174113","1935402","1850588",NA,NA,NA,NA,NA,NA,NA,NA,NA,NA,NA,NA,"675995",NA,"579433","675995",NA,NA,NA,NA,NA,NA,NA
"2329.11622",NA,NA,"1849830","2019637","1766466","2298628",NA,NA,NA,NA,NA,NA,NA,NA,NA,NA,NA,NA,NA,NA,NA,NA,"840581",NA,"445420","412570","342930",NA,NA
"2336.20565",NA,NA,NA,NA,NA,NA,NA,NA,NA,NA,NA,NA,NA,NA,NA,NA,NA,NA,NA,NA,NA,NA,"586130",NA,NA,"268146","239211","694490",NA
"2348.08728","1768918","2129200","1334481","2664331","2233616","2395237",NA,NA,NA,NA,NA,NA,NA,NA,"270949",NA,NA,"517874","19544292","20046520","18575646","19544292","1480209","834381","708244","849863","401592","2330484","2223456"
"2348.15764",NA,NA,NA,NA,NA,NA,NA,NA,NA,NA,NA,NA,NA,NA,NA,NA,NA,NA,NA,NA,NA,NA,"283941",NA,NA,"337150","230751","1159056","357957"
"2364.08575","3760414","4410195","1720759","5564783","4802754","4544955","357762",NA,"231771","398327",NA,NA,NA,NA,"438653",NA,NA,"473330","17698548","18533176","16547190","17698548","1922152","842433","888292","977114",NA,"2782451","2150152"
"2368.13263","1711922","1998357",NA,NA,NA,NA,NA,NA,NA,NA,NA,NA,NA,NA,"1285729","1643732","1086339","292105","1805733","2013894","1792817","1805733","2174969",NA,NA,NA,NA,NA,NA
"2369.11348",NA,NA,NA,NA,NA,NA,NA,NA,NA,NA,NA,NA,NA,NA,NA,NA,NA,NA,NA,NA,NA,NA,"2332042","1340844",NA,"1849985","687816","4987733","6366606"
"2390.17991",NA,NA,NA,NA,NA,NA,"296608","327041",NA,NA,NA,NA,NA,NA,NA,"334430","308513",NA,NA,NA,NA,NA,"1486512","1621218","1009084","1324564","703031","3583822",NA
"2410.13918",NA,NA,"1863130","4411926","3576310","3757125",NA,"852680","613974",NA,NA,NA,NA,NA,NA,NA,NA,NA,NA,NA,NA,NA,NA,NA,NA,NA,NA,NA,NA
"2424.09404","1932424","2024332",NA,"2162535","2091249","1850824",NA,NA,NA,NA,NA,NA,NA,NA,NA,NA,NA,NA,"604190","728225","719537","604190",NA,NA,NA,NA,NA,NA,NA
"2471.2188",NA,NA,"864756","3482919","2914296","3169218","303574","275244","197020",NA,NA,NA,NA,NA,NA,NA,NA,NA,NA,NA,NA,NA,NA,NA,NA,NA,NA,NA,NA
"2477.14757","3335230","3715919",NA,"1163340","1091673",NA,NA,NA,NA,"523839",NA,NA,NA,NA,NA,NA,NA,NA,NA,NA,NA,NA,NA,NA,NA,NA,NA,NA,NA
"2481.20968",NA,NA,"1382311","4132614","3550045","3776043",NA,"504160",NA,NA,NA,NA,NA,NA,"690198",NA,NA,NA,"8835156","8360039","7846254","8835156","1140361",NA,NA,"733684",NA,"2902343","2962146"
"2485.22953","8688244","9235023",NA,NA,NA,NA,NA,NA,NA,"692221",NA,"355096",NA,NA,"1674689","1921694","1582965","862230","26753584","25675862","24599508","26753584","4918704","3217426","2343721","3026666","1762690","10980827","6896883"
"2487.21033",NA,NA,"2087101","11482160","8886473","9416921","776296","697653","489017",NA,NA,NA,NA,NA,NA,NA,NA,NA,NA,NA,NA,NA,NA,NA,NA,NA,NA,NA,NA
"2497.20643","8189119","8595959","3895264","17704010","14572059","14993237","1396254","1396546","1057747",NA,NA,NA,NA,NA,"1052280","1426212","1053080","893199","6672632","6656955","6232376","6672632","2779449","1424189","823321","1296455","671901","6730068","8592253"
"2501.22664","4637628","4641404",NA,NA,NA,NA,NA,NA,NA,NA,NA,NA,NA,NA,"547829",NA,"491926",NA,"6625879","5184547","4771173","6625879","1597824",NA,"697662",NA,NA,"2757026","2076744"
"2513.20309","12096231","13284801","2958125","21640356","16773729","17473292","984629","1173898","795510",NA,NA,NA,NA,NA,"1064081","1399650","917263",NA,"4905284","5281665",NA,"4905284","2353693","1087107","758107","1011985","624676","5844848","7622322"
"2529.20358","577425","714320",NA,"1278997","907013","981225",NA,NA,NA,NA,NA,NA,NA,NA,NA,NA,NA,NA,NA,NA,NA,NA,NA,NA,NA,NA,NA,NA,NA
"2548.21224","4021711","4333068",NA,"7220018","6098044","6280541",NA,NA,NA,NA,NA,NA,NA,NA,NA,NA,NA,"489351","2490245","2652050","2420021","2490245","221256",NA,NA,NA,NA,NA,NA
"2550.21403",NA,NA,"2445986",NA,NA,NA,"4577255","3991378","3194473",NA,NA,NA,NA,NA,NA,NA,NA,NA,NA,NA,NA,NA,"1594668","684356","1191341",NA,"495969",NA,NA
"2566.20739","7165030","7706645","2800236","6939688","5381831","5993708",NA,"510294",NA,NA,NA,NA,NA,NA,"486402",NA,"593125",NA,"3729961","3992991","3876856","3729961","6178353","3554172","2463354","4120789","1968027","13060466",NA
"2581.23478","3483756",NA,NA,NA,NA,"10641648","1892717","1775041","1401220","685602",NA,NA,NA,NA,NA,NA,NA,"1027359",NA,NA,NA,NA,NA,NA,NA,NA,NA,NA,NA
"2582.21241",NA,NA,NA,NA,NA,NA,NA,NA,NA,NA,NA,NA,NA,NA,"1940373",NA,NA,NA,NA,NA,NA,NA,"7862478","3429025","2652717",NA,"2178701","16035601",NA
"2589.25655","1245550","1273818",NA,"1552959","1539748","1311666",NA,NA,NA,NA,NA,NA,NA,NA,NA,NA,NA,NA,"422364","537366",NA,"422364",NA,NA,NA,"156829",NA,"600868","1460706"
"2607.29228","1347041","1576234",NA,"1135972","1145725","1048871",NA,NA,NA,NA,NA,NA,NA,NA,NA,NA,NA,NA,"484277","589488","561207","484277",NA,NA,NA,NA,NA,NA,NA
"2610.16825","614188","764757",NA,NA,NA,NA,NA,NA,NA,NA,NA,"872163","1040365","700612","515107",NA,"456159",NA,"905274","787329","808984","905274",NA,NA,NA,NA,NA,NA,NA
"2610.21446",NA,NA,NA,NA,NA,NA,NA,NA,NA,NA,NA,NA,NA,NA,NA,NA,NA,NA,NA,NA,NA,NA,NA,NA,NA,"760793","491189","2611409","953019"
"2634.30847","334127",NA,"280328","554309","448388","412629",NA,NA,NA,NA,NA,NA,NA,NA,NA,NA,NA,NA,NA,NA,"212105",NA,NA,NA,NA,NA,NA,NA,NA
"2675.24987","260197",NA,"1036122","1084304","769810","934622","474261",NA,NA,NA,NA,NA,NA,NA,NA,NA,"394061",NA,NA,NA,NA,NA,NA,NA,NA,NA,NA,NA,NA
"2689.25925","978809","1176403","3968791","4656014","4107129","4446983","2577349","2445302","1802830","650797","1934673","2719512","2955179","2222180","3659837","3938785","3232725","1483233","10918245","10775959","10981669","10918245",NA,NA,"1313336",NA,NA,NA,NA
"2705.25213",NA,"26605774","53798636",NA,NA,NA,"20064310","18091310","12768740","8854173","5887805","5690006","6120224","4776241","23233030","28685970","22479984","7272275","99001312","93455968","92292360","99001312","21804378","8631108","9379506","7504115","5512515",NA,NA
"2706.2341",NA,NA,NA,NA,NA,NA,NA,NA,NA,NA,NA,NA,NA,NA,NA,NA,NA,NA,NA,NA,NA,NA,"20241354","8178770","7475616","9217526","5206873","29264068","7508559"
"2707.214",NA,NA,NA,NA,NA,NA,NA,NA,NA,NA,NA,NA,NA,NA,NA,NA,NA,NA,NA,NA,NA,NA,"3263789","1387277","1658128","2939587","1419479","6655332",NA
"2719.23408","14943904","14861784","7484987","22427176","17767214","21156894","2473514","2219401","1498644","1140605",NA,NA,"299417",NA,"4076633","5451103","4078709","551874",NA,"6200942","5766765","5732889",NA,NA,NA,NA,NA,"5650027",NA
"2720.21314",NA,NA,NA,NA,NA,NA,NA,NA,NA,NA,NA,NA,NA,NA,NA,NA,NA,NA,NA,NA,NA,NA,"3583136","1669368",NA,"2115254","994884","8311380","7800177"
"2725.28937",NA,NA,NA,NA,NA,NA,NA,NA,NA,NA,NA,NA,NA,NA,NA,NA,NA,NA,NA,NA,NA,NA,"992665","407372",NA,"635744",NA,"2080813","1059124"
"2727.23878",NA,NA,"6266717","2519078","1925385","2800629",NA,NA,NA,"254047",NA,NA,"317501",NA,"1536233","1098433","1039388",NA,"1313679","2307439","2281171","1313679","1624117",NA,"1023080",NA,NA,NA,NA
"2742.25916","836339","826441","2372781","2887434","2350533","2858791",NA,NA,NA,NA,NA,NA,NA,NA,"561356",NA,"447514",NA,"709347","761647","684754","709347",NA,NA,NA,NA,NA,NA,NA
"2743.28867",NA,NA,"2451511",NA,NA,"2240416","4275750",NA,"2783531","372921",NA,NA,NA,NA,NA,NA,NA,NA,NA,NA,NA,NA,NA,NA,"1294661",NA,NA,NA,NA
"2744.27044",NA,NA,NA,NA,NA,NA,NA,NA,NA,NA,NA,NA,NA,NA,NA,NA,NA,NA,NA,NA,NA,NA,"2092881","1139205",NA,"934290","976720","2985981",NA
"2750.28888",NA,NA,NA,NA,NA,NA,NA,NA,NA,NA,NA,NA,NA,NA,NA,NA,NA,NA,NA,NA,NA,NA,"2993800","1535556","1442184","1753163","695560","5690832","1525544"
"2751.39432",NA,NA,NA,NA,NA,NA,NA,NA,NA,NA,NA,NA,NA,NA,NA,NA,NA,NA,NA,NA,NA,NA,"2691240","1248360","1351674","2183065","931519","3692738",NA
"2759.28684","3640848","3553307","7856447","10175907","7459936","9086428",NA,"5373032","4217166","1615253",NA,NA,NA,NA,"2171991","2413624","1776313",NA,"3358519","3647181","3418682","3358519",NA,"2961492","2592770",NA,"1306311",NA,NA
"2763.32333",NA,NA,"2843906","2655300","2023942","2349037","1715698","1532608","1070505",NA,NA,NA,NA,NA,NA,NA,NA,NA,NA,NA,NA,NA,NA,NA,NA,NA,NA,NA,NA
"2767.32008","20200908","20643096",NA,NA,NA,NA,NA,NA,NA,"3985084","1125580","1049629","1187917",NA,"9737191","13510651","8763522","1520018","22846560","24378500","22373792","22846560","48124988","19765154","15181303","21764156","9828358","110895384","27287780"
"2775.28159","5514925","5572128","4794752","9049034","6776018","8318212",NA,"960993",NA,"1793481",NA,"504760","532126","654375","6322277","8104880","5850958",NA,"2722695","3462705","3049493","2722695","4750093","2356672","1535201",NA,"925618","1309482",NA
"2776.26141",NA,NA,NA,NA,NA,NA,NA,NA,NA,NA,NA,NA,NA,NA,NA,NA,NA,NA,NA,NA,NA,NA,NA,"1065471","771637","2114874",NA,"7144051","459280"
"2781.3368",NA,NA,"30778614","45463848","31693760","39375616","9230100","7307498","5515620",NA,NA,NA,NA,NA,NA,NA,NA,NA,NA,NA,NA,NA,NA,NA,NA,NA,NA,NA,NA
"2783.31227",NA,"1059049",NA,NA,NA,NA,NA,NA,NA,NA,NA,NA,NA,NA,NA,NA,NA,NA,NA,NA,NA,NA,"680114",NA,NA,"358968",NA,"1613444","1117709"
"2789.30182",NA,NA,NA,NA,NA,NA,NA,NA,NA,NA,NA,NA,NA,NA,NA,NA,NA,NA,NA,NA,NA,NA,"2036381","696379","835603",NA,NA,"1614546",NA
"2792.32782","14049629","14028837","13293297","20290150","16576953","19129452","4729452","4023319","2967872","3199443","1555216","821849","901446",NA,"5605848","7316754","4867644","2314528","6905224","7351042","7189589","6905224","6537287","2676630","2599559",NA,NA,"5364744",NA
"2794.3989",NA,NA,NA,NA,NA,NA,NA,NA,NA,NA,NA,NA,NA,NA,NA,NA,NA,NA,NA,NA,NA,NA,"2363857","1470510","1743432","2008124","1204359","1904905",NA
"2808.32295","644582","536530",NA,"728714","554125","787021",NA,NA,NA,NA,NA,NA,NA,NA,NA,NA,NA,NA,NA,NA,NA,NA,NA,NA,NA,NA,NA,NA,NA
"2839.3922","302491","386543",NA,NA,NA,NA,NA,NA,NA,NA,NA,NA,NA,NA,NA,NA,NA,NA,NA,NA,NA,NA,"549326","379440","274644","485759",NA,"1233184","552158"
"2853.40991",NA,NA,"14088897","49249716","43552488","47782456","8466404","8061260","5609148",NA,NA,NA,NA,NA,NA,NA,NA,NA,NA,NA,NA,NA,NA,NA,NA,NA,NA,NA,NA
"2869.40786",NA,NA,"2907305","6233859","5551148","6346534","1181928","1192767",NA,NA,NA,NA,NA,NA,NA,NA,NA,NA,NA,NA,NA,NA,NA,NA,NA,NA,NA,NA,NA
"2883.42332","34837572","33862460",NA,NA,NA,NA,"932957",NA,"577660","4001737","693881","1267968","1272150","991026","10562374","12934117","9231750","2581653","17976192","17960638","17694296","17976192","32155342","16102539","11164546","18501996","9846481","103752336","34261080"
"2889.35276","645647","803923","663825",NA,"395631",NA,NA,NA,NA,"1287808","500768","1251423","1293963","999625","1674098","1656910","1451181",NA,NA,NA,NA,NA,NA,NA,NA,NA,NA,NA,NA
"2899.4215","5307333","5876525",NA,NA,NA,NA,NA,NA,NA,"625938",NA,NA,NA,NA,"3628537","4343348","3138840",NA,"2968785","3020886","2713085","2968785","5685724","1965702","1078633","2144868","1110503","10976243","7880551"
"2905.40795",NA,"250112",NA,NA,NA,NA,NA,NA,NA,NA,NA,NA,NA,NA,"867461","442822",NA,NA,NA,NA,NA,NA,"2743740",NA,"1304389","1125343","606223",NA,NA
"2926.43238",NA,NA,NA,NA,NA,NA,NA,NA,NA,NA,NA,NA,NA,NA,"537126","611867","501668",NA,NA,NA,NA,NA,"900003","342973","285750","408997","237653","957879",NA
"2930.34031","1084146","1180680","994126","1598609","1066825","1253274",NA,NA,NA,"280555",NA,NA,NA,NA,NA,NA,NA,NA,"578752","541029",NA,"578752","1592517","656992",NA,"668568","368052","2545132",NA
"2946.3359","1403219","1480192","485895","1150185",NA,"1092761",NA,NA,NA,NA,NA,NA,NA,NA,"687679",NA,"752285",NA,"382915",NA,NA,"382915","1020096","462259",NA,"423121",NA,"1901780",NA
"2968.37646",NA,NA,NA,NA,NA,NA,NA,NA,NA,NA,NA,NA,NA,NA,NA,NA,NA,NA,NA,NA,NA,NA,"1925354","981816","1029488","1219580","535077","3731662",NA
"3001.36712","1586834","1575862","2660883","2217269","2230278","2230155","811798",NA,"604822","698135","282362","578283","591494","297169","2829038","3066223","2294863",NA,"6464898","7116174","6917093","6464898",NA,NA,NA,NA,NA,NA,NA
"3009.40279",NA,NA,"1665382","1912198","1601203","1903403","994260",NA,NA,NA,NA,NA,NA,NA,NA,NA,NA,NA,NA,NA,NA,NA,NA,NA,NA,NA,NA,NA,NA
"3017.36075","19607792","19937876","14701637","17910840","15464073","17584430","3817949","3410848","2372575","5861864","1418870","1501801","1685407","1192372","8793531","10413752","8198054","2346000","40531100","40409796","38772280","40531100","3046013","1194361","1148102","676439",NA,"2902763",NA
"3018.34006",NA,NA,"2628115","3279007","2952853","3288075","2363477","2303195","1672607",NA,NA,NA,NA,NA,NA,NA,NA,NA,NA,NA,NA,NA,"6191774","2627323",NA,"2259568","1800152","8178654","1214434"
"3019.32045",NA,NA,NA,NA,NA,NA,NA,NA,NA,NA,NA,NA,NA,NA,NA,NA,NA,NA,NA,NA,NA,NA,"4072812","1671615","1275571","1916605",NA,"5557282","2980427"
"3020.29903",NA,NA,NA,NA,NA,NA,NA,NA,NA,NA,NA,NA,NA,NA,NA,NA,NA,NA,NA,NA,NA,NA,"1271882","592549",NA,NA,NA,"2357188","2345142"
"3033.48706","2012455","1993374","11939742","8160841","7305597","7856489","5795622","5413500","4521371","1754736","2925700","1749129","1613062","1404319","5252253","5933436","4860371","1785022","2901960","3011129","2704251","2901960","10665997","6218019","6055145","7924072","5945144","10680658","3737462"
"3034.46122",NA,NA,NA,NA,NA,NA,NA,NA,NA,NA,NA,NA,NA,NA,NA,NA,NA,NA,NA,NA,NA,NA,"5544582","2880314","2568785","5697061","3824190","6420712","3702109"
"3036.40424","704173","730192","741593","402419",NA,NA,NA,NA,NA,"1143383",NA,NA,"222833","218092","621085","732512","564290",NA,"2487712","2462918","2382821","2487712","533205","421234","582815","666131",NA,NA,NA
"3039.34229",NA,NA,"2558174","762651","599450","894943",NA,NA,NA,NA,NA,NA,NA,NA,"717717",NA,"494815",NA,"806832","1213704","1065901","806832",NA,NA,NA,NA,NA,NA,NA
"3052.40186","1494069","1896683","3381284","1980327","1742082","1933075","630865","622158",NA,"1872571","693317",NA,NA,NA,NA,"482110","430713","202585","3131698","3110438","2917879","3131698","1427545","717438","882422","706294","730637","1049770",NA
"3053.37893",NA,NA,NA,NA,NA,NA,NA,NA,NA,NA,NA,NA,NA,NA,NA,NA,NA,NA,NA,NA,NA,NA,"1592268","965088","796188","1145456",NA,NA,NA
"3054.35828",NA,NA,NA,NA,NA,NA,NA,NA,NA,NA,NA,NA,NA,NA,NA,NA,NA,NA,NA,NA,NA,NA,"1007050","516858","328466","581478",NA,"1051102","912707"
"3068.41759",NA,NA,NA,NA,"371994","333485",NA,NA,NA,NA,"249840","341044","338631",NA,NA,NA,NA,NA,"540616","572314","558320","540616",NA,NA,"431099",NA,NA,NA,NA
"3084.41417","889169","955271","3007893","2310301","1792390","2081872","6150896","5584201","4663848","945572","1478422","1197608","1138685","856359","1253493","1283109","1084064","465262","3924884","4305163","4068442","3924884","2667536","1427855","2594447","1010878",NA,"1149378",NA
"3085.39276",NA,NA,NA,NA,NA,NA,NA,NA,NA,NA,NA,NA,NA,NA,NA,NA,NA,NA,NA,NA,NA,NA,"3140815",NA,"2427933","1585043",NA,"1792444",NA
"3086.36935",NA,NA,NA,NA,NA,NA,NA,NA,NA,NA,NA,NA,NA,NA,NA,NA,NA,NA,NA,NA,NA,NA,"1214094","947139","1315829","789046","955526","967114",NA
"3100.39007",NA,NA,NA,NA,NA,NA,NA,NA,NA,NA,NA,NA,NA,NA,NA,NA,NA,NA,NA,NA,NA,NA,NA,"5595641","6620020","5215720",NA,"9731885","1845870"
"3100.41222","9019589","9353105","24010218","21155046","16094987","19552488","26383142","22825552","17684664","5240707","2833307","3111206","3120430","2161483","7053254","6946687","5444184","1582501","25862718","28216076","25644592","25862718","10159554","4513623","5747984","3425941","3619873","6814525",NA
"3102.36892",NA,NA,NA,NA,NA,NA,NA,NA,NA,NA,NA,NA,NA,NA,NA,NA,NA,NA,NA,NA,NA,NA,"5914296","2760534","2755151","2748465","1880153","4814545","3085578"
"3116.40996","18997404","17501078","16609843","26378490","19474976","23853258","3229863","2754100","2080574","7289483","1347308","5351902","5813602","3795907","17647272","19598816","14014685","1283854","37558280","43627772","37365004","37558280","7777018","3286214","2782184","3298720","1879424","6915044",NA
"3117.38811",NA,NA,"2196523","3499758",NA,"2997930",NA,NA,NA,NA,NA,NA,NA,NA,NA,NA,NA,NA,NA,NA,NA,NA,"9540314","4186834","2940780",NA,NA,NA,"3923604"
"3118.3682",NA,NA,NA,NA,NA,NA,NA,NA,NA,NA,NA,NA,NA,NA,NA,NA,NA,NA,NA,NA,NA,NA,"5700605","2427417","1605566","2950871",NA,"5744128","5681462"
"3132.40524","1961516","1927627","1355046","1744391","1253962","1603113","397270","370205",NA,"775913",NA,"3395437","3626969","2219233","11024156","13194845","9559267",NA,"2806950","3457995","2766437","2806950",NA,NA,NA,NA,NA,NA,NA
"3167.48408","2032905","2346375","2461308","3919359","2894139","3477341",NA,NA,NA,NA,NA,NA,NA,NA,"897685","1170426","680333",NA,"2653188","3092145","2709867","2653188",NA,NA,NA,NA,NA,NA,NA
"3183.45157",NA,NA,NA,NA,NA,NA,NA,NA,NA,NA,NA,NA,NA,NA,NA,NA,NA,NA,NA,NA,NA,NA,"2034702","514624","454911",NA,NA,"4139533",NA
"3183.47603","13189481","13429050","8573341","17119154","12621083","15732714","1651404","1551779","991701","1417306",NA,NA,NA,NA,"2861044","3662568","2893012",NA,"5821524","6812402","6006037","5821524","974592",NA,NA,NA,NA,"1555312",NA
"3199.47038","1714833","2174911","989838","2369742","1836750","2230219",NA,NA,NA,NA,NA,NA,NA,NA,NA,"621898",NA,NA,NA,"774127","736080",NA,NA,NA,NA,NA,NA,NA,NA
"3227.52132","5658933","6594607","4011193","9040182","7659565","8759814","1208004",NA,NA,"597402",NA,NA,NA,NA,"1256857","1378700","1196417",NA,"2150409","2595730","2393834","2150409",NA,NA,"277341",NA,NA,NA,NA
"3228.49687",NA,NA,NA,NA,NA,NA,NA,NA,NA,NA,NA,NA,NA,NA,NA,NA,NA,NA,NA,NA,NA,NA,"2516254","829240","739735","1145782","699046","6408984","2419727"
"3243.51238","1256133","1225449","641272","1213563","1068823","1188158",NA,NA,NA,NA,NA,NA,NA,NA,"728362","901226","652962",NA,"388363",NA,"547859","388363",NA,NA,NA,NA,NA,NA,NA
"3382.57518",NA,NA,NA,NA,NA,NA,NA,NA,NA,NA,NA,NA,"295562",NA,"567333","617617","501435",NA,"503749","899369","699272","503749",NA,NA,NA,NA,NA,NA,NA
"3415.58126",NA,NA,NA,NA,NA,NA,NA,NA,NA,NA,NA,NA,NA,NA,NA,NA,NA,NA,NA,NA,NA,NA,"2015831","654760","541969","1069626","517194","1507617","837609"
"3502.57818",NA,NA,NA,"402472",NA,"361333",NA,"404898","257936",NA,NA,NA,NA,NA,NA,NA,NA,NA,NA,NA,NA,NA,"889066",NA,"369215","565421","175928","1922072",NA
"3625.72445",NA,NA,NA,NA,NA,NA,NA,NA,NA,NA,NA,NA,NA,NA,NA,NA,NA,NA,NA,NA,NA,NA,"522707","845048","459752","911465",NA,"1015951",NA
"3651.55705","695056","894179",NA,NA,NA,NA,NA,NA,NA,"1121215","1496424","779754","756169","657941",NA,"533981","583712",NA,"568178","840509","704880","568178",NA,NA,NA,NA,NA,NA,NA
"3665.57628",NA,NA,"1206914","311461","357842","327782","783104","695987",NA,NA,NA,NA,NA,NA,NA,NA,NA,NA,NA,NA,NA,NA,NA,NA,NA,NA,NA,NA,NA
"3722.59464","905396","1049168",NA,NA,NA,NA,NA,NA,NA,"1878510","613972","871154","915969","812491","1197156","1128443","833143",NA,"614364","703687","801519","614364",NA,NA,NA,NA,NA,NA,NA
"4037.87524",NA,NA,NA,NA,NA,NA,NA,NA,NA,NA,NA,NA,NA,NA,NA,NA,NA,NA,NA,NA,NA,NA,"2228780","2894588","2791248","3969303","2248345","1081184",NA
"4069.91379",NA,NA,NA,NA,NA,NA,"1054097","877932","781387",NA,NA,NA,NA,NA,NA,NA,NA,NA,NA,NA,NA,NA,"674978","1990478","2294104","2354236","763105","386695",NA
"4085.90727",NA,NA,NA,NA,NA,NA,"552988","562321","501868",NA,NA,NA,NA,NA,"297563",NA,NA,NA,NA,NA,NA,NA,"829943","2154854","1933229","3094127",NA,"544185",NA
"4096.94347",NA,NA,"770883",NA,NA,NA,"1387472","1123861","979668","624292","1949604",NA,NA,NA,"4133828","3622620","2631080",NA,NA,"598725","555196",NA,"892183",NA,"656320",NA,NA,"321960",NA
"4112.93954",NA,"411258","1889467","575432",NA,"536902","2020898","1784703","1403360","751179","1352994",NA,"917638","487528","2486132","2303144","1627703",NA,"812436","921472","995828","812436","1532123","1229857","916629",NA,"648965",NA,NA
"4287.03688",NA,NA,NA,NA,NA,NA,NA,NA,NA,NA,NA,NA,NA,NA,NA,NA,NA,NA,NA,NA,NA,NA,"611358","840648","610727","757135","400370","416185",NA
"4302.05277","277116","497698","1078998",NA,"380039","478062","2442930","2362843","1890095","1002951",NA,NA,NA,NA,"3566434","3002977","2325718",NA,NA,NA,"342044","274200",NA,NA,NA,NA,NA,NA,NA
"4303.02435",NA,NA,NA,NA,NA,NA,NA,NA,NA,NA,NA,NA,NA,NA,NA,NA,NA,NA,NA,NA,NA,NA,"1516024","1613423","1158116","1389158","673209","824515",NA
"4348.11502",NA,NA,"356595",NA,NA,NA,"886451","775082","804601",NA,"629847","785205","788343","614588","1029782","770607","710699",NA,"348051","556757","496299","348051",NA,NA,NA,NA,NA,NA,NA
"4349.0937",NA,NA,NA,NA,NA,NA,NA,NA,NA,NA,NA,NA,NA,NA,NA,NA,NA,NA,NA,NA,NA,NA,"1361405","2199327","1985667","3211435","1211889","659876","333766"
"4364.10812","331185",NA,"815481",NA,NA,NA,"2438717","2026428","1999735","1195171","649655","910822","1025221","548107","1864034","1391837","1140444",NA,"455075",NA,"568943","455075",NA,NA,NA,NA,NA,NA,NA
"4365.08859",NA,NA,NA,NA,NA,NA,NA,NA,NA,NA,NA,NA,NA,NA,NA,NA,NA,NA,NA,NA,NA,NA,"3147158","3816033","3372383","6258022","2213999","1723556","450283"
"4479.12101",NA,NA,NA,NA,NA,NA,NA,NA,NA,"619230",NA,"931753","981999","694268","805707","556093","567959",NA,NA,NA,NA,NA,NA,NA,NA,NA,NA,NA,NA
"4480.09923",NA,NA,NA,NA,NA,NA,NA,NA,NA,NA,NA,NA,NA,NA,NA,NA,NA,NA,NA,NA,NA,NA,"799810","1402923","1651319","2568663","1146087","449057",NA
